idx	regimen_de_administradora	anno	nivel_sisben	conteo_de_administradoras	conteo_de_prestadores	costo_procedimiento	numero_de_atenciones	numero_personas_atendidas	code_depto	code_seccion	code_admin	code_prestador
483	SALUD: CONTRIBUTIVO	2010	NIVEL 1	1	1	7300.0	1.0	1.0	05 	01 	EPS003	050010802804
484	SALUD: CONTRIBUTIVO	2010	NIVEL 1	1	1	23200.0	1.0	1.0	05 	01 	EPS003	050010802804
485	SALUD: CONTRIBUTIVO	2010	NIVEL 1	1	1	11900.0	1.0	1.0	05 	01 	EPS003	050010802804
486	SALUD: CONTRIBUTIVO	2010	NIVEL 1	1	1	11900.0	1.0	1.0	05 	01 	EPS003	050010802804
487	SALUD: CONTRIBUTIVO	2010	NIVEL 1	1	1	6600.0	1.0	1.0	05 	01 	EPS003	050010802804
488	SALUD: CONTRIBUTIVO	2010	NIVEL 1	1	1	14300.0	1.0	1.0	05 	01 	EPS003	050010802804
489	SALUD: CONTRIBUTIVO	2010	NIVEL 1	1	1	4800.0	1.0	1.0	05 	01 	EPS003	050010802804
490	SALUD: CONTRIBUTIVO	2010	NIVEL 1	1	1	11400.0	1.0	1.0	05 	01 	EPS003	050010802804
491	SALUD: CONTRIBUTIVO	2010	NIVEL 1	1	1	13.0	1.0	1.0	05 	01 	EPS003	050010802804
493	SALUD: CONTRIBUTIVO	2010	NIVEL 1	1	1	7300.0	1.0	1.0	05 	01 	EPS003	050010802831
494	SALUD: CONTRIBUTIVO	2010	NIVEL 1	1	1	7300.0	1.0	1.0	05 	01 	EPS003	050010802831
495	SALUD: CONTRIBUTIVO	2010	NIVEL 1	1	1	11900.0	1.0	1.0	05 	01 	EPS003	050010802831
496	SALUD: CONTRIBUTIVO	2010	NIVEL 1	1	1	13800.0	2.0	2.0	05 	01 	EPS003	050010802831
497	SALUD: CONTRIBUTIVO	2010	NIVEL 1	1	1	13200.0	2.0	2.0	05 	01 	EPS003	050010802831
499	SALUD: CONTRIBUTIVO	2010	NIVEL 1	1	1	22800.0	2.0	2.0	05 	01 	EPS003	050010802831
500	SALUD: CONTRIBUTIVO	2010	NIVEL 1	1	1	22400.0	1.0	1.0	05 	01 	EPS003	050010802831
501	SALUD: CONTRIBUTIVO	2010	NIVEL 1	1	1	15685.0	2.0	2.0	05 	01 	EPS003	050010802831
505	SALUD: CONTRIBUTIVO	2010	NIVEL 1	1	1	13500.0	1.0	1.0	05 	01 	EPS003	050010802831
507	SALUD: CONTRIBUTIVO	2010	NIVEL 1	1	1	3128.0	1.0	1.0	05 	01 	EPS003	050010802836
510	SALUD: CONTRIBUTIVO	2010	NIVEL 1	1	1	95800.0	1.0	1.0	05 	01 	EPS003	050010802836
511	SALUD: CONTRIBUTIVO	2010	NIVEL 1	1	1	30965.0	1.0	1.0	05 	01 	EPS003	050010996309
512	SALUD: CONTRIBUTIVO	2010	NIVEL 1	1	1	11085.0	2.0	2.0	05 	01 	EPS003	050010996309
513	SALUD: CONTRIBUTIVO	2010	NIVEL 1	1	1	55880.0	2.0	2.0	05 	01 	EPS003	050010996309
514	SALUD: CONTRIBUTIVO	2010	NIVEL 1	1	1	30510.0	1.0	1.0	05 	01 	EPS003	050010996309
515	SALUD: CONTRIBUTIVO	2010	NIVEL 1	1	1	63465.0	2.0	2.0	05 	01 	EPS003	050010996309
516	SALUD: CONTRIBUTIVO	2010	NIVEL 1	1	1	57200.0	1.0	1.0	05 	01 	EPS003	050010996309
517	SALUD: CONTRIBUTIVO	2010	NIVEL 1	1	1	55875.0	1.0	1.0	05 	01 	EPS003	050010996309
518	SALUD: CONTRIBUTIVO	2010	NIVEL 1	1	1	50700.0	1.0	1.0	05 	01 	EPS003	050010996309
519	SALUD: CONTRIBUTIVO	2010	NIVEL 1	1	1	50700.0	1.0	1.0	05 	01 	EPS003	050010996309
520	SALUD: CONTRIBUTIVO	2010	NIVEL 1	1	1	125730.0	2.0	2.0	05 	01 	EPS003	050010996309
521	SALUD: CONTRIBUTIVO	2010	NIVEL 1	1	1	4530.0	1.0	1.0	05 	01 	EPS003	050010996309
522	SALUD: CONTRIBUTIVO	2010	NIVEL 1	1	1	4530.0	1.0	1.0	05 	01 	EPS003	050010996309
523	SALUD: CONTRIBUTIVO	2010	NIVEL 1	1	1	3805.0	1.0	1.0	05 	01 	EPS003	050010996309
524	SALUD: CONTRIBUTIVO	2010	NIVEL 1	1	1	20250.0	2.0	2.0	05 	01 	EPS003	050010996309
525	SALUD: CONTRIBUTIVO	2010	NIVEL 1	1	1	1440.0	1.0	1.0	05 	01 	EPS003	050010996309
526	SALUD: CONTRIBUTIVO	2010	NIVEL 1	1	1	2700.0	1.0	1.0	05 	01 	EPS003	050010996309
531	SALUD: CONTRIBUTIVO	2010	NIVEL 1	1	1	227900.0	1.0	1.0	05 	01 	EPS003	050010996309
532	SALUD: CONTRIBUTIVO	2010	NIVEL 1	1	1	21940.0	2.0	2.0	05 	01 	EPS003	050010996309
533	SALUD: CONTRIBUTIVO	2010	NIVEL 1	1	1	21940.0	2.0	2.0	05 	01 	EPS003	050010996309
534	SALUD: CONTRIBUTIVO	2010	NIVEL 1	1	1	32700.0	1.0	1.0	05 	01 	EPS003	050010996309
536	SALUD: CONTRIBUTIVO	2010	NIVEL 1	1	1	13500.0	1.0	1.0	05 	01 	EPS003	050880802832
537	SALUD: CONTRIBUTIVO	2010	NIVEL 1	1	1	13500.0	1.0	1.0	05 	01 	EPS003	050880802832
538	SALUD: CONTRIBUTIVO	2010	NIVEL 1	1	1	32700.0	1.0	1.0	05 	01 	EPS003	050880802832
539	SALUD: CONTRIBUTIVO	2010	NIVEL 1	1	1	40000.0	1.0	1.0	05 	01 	EPS009	050010001201
543	SALUD: CONTRIBUTIVO	2010	NIVEL 1	1	1	106000.0	2.0	2.0	05 	01 	EPS009	050010346801
555	SALUD: CONTRIBUTIVO	2010	NIVEL 1	1	1	192000.0	1.0	1.0	05 	01 	EPS009	050010702701
558	SALUD: CONTRIBUTIVO	2010	NIVEL 1	1	1	10779.0	1.0	1.0	05 	01 	EPS009	050340443201
559	SALUD: CONTRIBUTIVO	2010	NIVEL 1	1	1	14200.0	1.0	1.0	05 	01 	EPS009	050880490901
560	SALUD: CONTRIBUTIVO	2010	NIVEL 1	1	1	3300.0	1.0	1.0	05 	01 	EPS009	050880490901
569	SALUD: CONTRIBUTIVO	2010	NIVEL 1	1	1	117000.0	1.0	1.0	05 	01 	EPS010	050010049601
571	SALUD: CONTRIBUTIVO	2010	NIVEL 1	1	1	16712.0	1.0	1.0	05 	01 	EPS010	050010065801
572	SALUD: CONTRIBUTIVO	2010	NIVEL 1	1	1	23272.0	1.0	1.0	05 	01 	EPS010	050010065801
573	SALUD: CONTRIBUTIVO	2010	NIVEL 1	1	1	29328.0	1.0	1.0	05 	01 	EPS010	050010065801
574	SALUD: CONTRIBUTIVO	2010	NIVEL 1	1	1	1226.0	1.0	1.0	05 	01 	EPS010	050010065801
575	SALUD: CONTRIBUTIVO	2010	NIVEL 1	1	1	31071.0	1.0	1.0	05 	01 	EPS010	050010065801
577	SALUD: CONTRIBUTIVO	2010	NIVEL 1	1	1	21412.0	1.0	1.0	05 	01 	EPS010	050010153901
580	SALUD: CONTRIBUTIVO	2010	NIVEL 1	1	1	87928.0	1.0	1.0	05 	01 	EPS010	050010211001
583	SALUD: CONTRIBUTIVO	2010	NIVEL 1	1	1	27857.0	1.0	1.0	05 	01 	EPS010	050010242101
585	SALUD: CONTRIBUTIVO	2010	NIVEL 1	1	1	116192.0	2.0	2.0	05 	01 	EPS010	050010301001
589	SALUD: CONTRIBUTIVO	2010	NIVEL 1	1	1	180000.0	1.0	1.0	05 	01 	EPS010	050010351101
591	SALUD: CONTRIBUTIVO	2010	NIVEL 1	1	1	9098.0	1.0	1.0	05 	01 	EPS010	050010383201
592	SALUD: CONTRIBUTIVO	2010	NIVEL 1	1	1	36050.0	1.0	1.0	05 	01 	EPS010	050010383201
593	SALUD: CONTRIBUTIVO	2010	NIVEL 1	1	1	14935.0	1.0	1.0	05 	01 	EPS010	050010383201
594	SALUD: CONTRIBUTIVO	2010	NIVEL 1	1	1	45148.0	1.0	1.0	05 	01 	EPS010	050010383201
595	SALUD: CONTRIBUTIVO	2010	NIVEL 1	1	1	9613.0	1.0	1.0	05 	01 	EPS010	050010383201
596	SALUD: CONTRIBUTIVO	2010	NIVEL 1	1	1	14935.0	1.0	1.0	05 	01 	EPS010	050010383201
597	SALUD: CONTRIBUTIVO	2010	NIVEL 1	1	1	14935.0	1.0	1.0	05 	01 	EPS010	050010383201
598	SALUD: CONTRIBUTIVO	2010	NIVEL 1	1	1	13734.0	2.0	2.0	05 	01 	EPS010	050010383201
599	SALUD: CONTRIBUTIVO	2010	NIVEL 1	1	1	17166.0	2.0	2.0	05 	01 	EPS010	050010383201
600	SALUD: CONTRIBUTIVO	2010	NIVEL 1	1	1	2587.0	1.0	1.0	05 	01 	EPS010	050010383201
601	SALUD: CONTRIBUTIVO	2010	NIVEL 1	1	1	8240.0	1.0	1.0	05 	01 	EPS010	050010383201
602	SALUD: CONTRIBUTIVO	2010	NIVEL 1	1	1	17510.0	1.0	1.0	05 	01 	EPS010	050010383201
603	SALUD: CONTRIBUTIVO	2010	NIVEL 1	1	1	16995.0	1.0	1.0	05 	01 	EPS010	050010383201
604	SALUD: CONTRIBUTIVO	2010	NIVEL 1	1	1	14420.0	1.0	1.0	05 	01 	EPS010	050010383201
605	SALUD: CONTRIBUTIVO	2010	NIVEL 1	1	1	9613.0	1.0	1.0	05 	01 	EPS010	050010383201
2507	SALUD: CONTRIBUTIVO	2010	NO REPORTADO	1	1	2700.0	1.0	1.0	05 	01 	EPS003	050010996320
2509	SALUD: CONTRIBUTIVO	2010	NO REPORTADO	1	1	457746.0	1.0	1.0	05 	00 	EPS003	050010996320
2510	SALUD: CONTRIBUTIVO	2010	NO REPORTADO	1	1	7300.0	1.0	1.0	05 	01 	EPS003	050010996321
2511	SALUD: CONTRIBUTIVO	2010	NO REPORTADO	1	1	35900.0	1.0	1.0	05 	01 	EPS003	050010996321
2512	SALUD: CONTRIBUTIVO	2010	NO REPORTADO	1	1	11900.0	1.0	1.0	05 	01 	EPS003	050010996321
2513	SALUD: CONTRIBUTIVO	2010	NO REPORTADO	1	1	11900.0	1.0	1.0	05 	01 	EPS003	050010996321
2514	SALUD: CONTRIBUTIVO	2010	NO REPORTADO	1	1	6900.0	1.0	1.0	05 	01 	EPS003	050010996321
2515	SALUD: CONTRIBUTIVO	2010	NO REPORTADO	1	1	6600.0	1.0	1.0	05 	01 	EPS003	050010996321
2517	SALUD: CONTRIBUTIVO	2010	NO REPORTADO	1	1	29900.0	1.0	1.0	05 	01 	EPS003	050010996321
2519	SALUD: CONTRIBUTIVO	2010	NO REPORTADO	1	1	13500.0	1.0	1.0	05 	01 	EPS003	050010996321
2520	SALUD: CONTRIBUTIVO	2010	NO REPORTADO	1	1	29200.0	4.0	4.0	05 	01 	EPS003	050880802807
2521	SALUD: CONTRIBUTIVO	2010	NO REPORTADO	1	1	6900.0	1.0	1.0	05 	01 	EPS003	050880802807
2522	SALUD: CONTRIBUTIVO	2010	NO REPORTADO	1	1	92800.0	4.0	4.0	05 	01 	EPS003	050880802807
2523	SALUD: CONTRIBUTIVO	2010	NO REPORTADO	1	1	23800.0	2.0	2.0	05 	01 	EPS003	050880802807
2524	SALUD: CONTRIBUTIVO	2010	NO REPORTADO	1	1	46500.0	1.0	1.0	05 	01 	EPS003	050880802807
2525	SALUD: CONTRIBUTIVO	2010	NO REPORTADO	1	1	65000.0	2.0	2.0	05 	01 	EPS003	050880802807
2526	SALUD: CONTRIBUTIVO	2010	NO REPORTADO	1	1	69100.0	1.0	1.0	05 	01 	EPS003	050880802807
2527	SALUD: CONTRIBUTIVO	2010	NO REPORTADO	1	1	27300.0	1.0	1.0	05 	01 	EPS003	050880802807
2528	SALUD: CONTRIBUTIVO	2010	NO REPORTADO	1	1	71800.0	2.0	2.0	05 	01 	EPS003	050880802807
2529	SALUD: CONTRIBUTIVO	2010	NO REPORTADO	1	1	35900.0	1.0	1.0	05 	01 	EPS003	050880802807
2530	SALUD: CONTRIBUTIVO	2010	NO REPORTADO	1	1	35700.0	3.0	3.0	05 	01 	EPS003	050880802807
2531	SALUD: CONTRIBUTIVO	2010	NO REPORTADO	1	1	35700.0	3.0	3.0	05 	01 	EPS003	050880802807
2532	SALUD: CONTRIBUTIVO	2010	NO REPORTADO	1	1	11200.0	2.0	2.0	05 	01 	EPS003	050880802807
2533	SALUD: CONTRIBUTIVO	2010	NO REPORTADO	1	1	26400.0	4.0	4.0	05 	01 	EPS003	050880802807
2534	SALUD: CONTRIBUTIVO	2010	NO REPORTADO	1	1	9800.0	1.0	1.0	05 	01 	EPS003	050880802807
2535	SALUD: CONTRIBUTIVO	2010	NO REPORTADO	1	1	4800.0	1.0	1.0	05 	01 	EPS003	050880802807
2536	SALUD: CONTRIBUTIVO	2010	NO REPORTADO	1	1	7700.0	1.0	1.0	05 	01 	EPS003	050880802807
2537	SALUD: CONTRIBUTIVO	2010	NO REPORTADO	1	1	9600.0	2.0	2.0	05 	01 	EPS003	050880802807
2538	SALUD: CONTRIBUTIVO	2010	NO REPORTADO	1	1	34200.0	3.0	3.0	05 	01 	EPS003	050880802807
2539	SALUD: CONTRIBUTIVO	2010	NO REPORTADO	1	1	11400.0	1.0	1.0	05 	01 	EPS003	050880802807
2540	SALUD: CONTRIBUTIVO	2010	NO REPORTADO	1	1	11400.0	1.0	1.0	05 	01 	EPS003	050880802807
2541	SALUD: CONTRIBUTIVO	2010	NO REPORTADO	1	1	13.0	1.0	1.0	05 	01 	EPS003	050880802807
2542	SALUD: CONTRIBUTIVO	2010	NO REPORTADO	1	1	5400.0	2.0	2.0	05 	01 	EPS003	050880802807
2543	SALUD: CONTRIBUTIVO	2010	NO REPORTADO	1	1	16200.0	1.0	1.0	05 	01 	EPS003	050880802807
2544	SALUD: CONTRIBUTIVO	2010	NO REPORTADO	1	1	16500.0	1.0	1.0	05 	01 	EPS003	050880802807
2545	SALUD: CONTRIBUTIVO	2010	NO REPORTADO	1	1	249900.0	1.0	1.0	05 	01 	EPS003	050880802807
2546	SALUD: CONTRIBUTIVO	2010	NO REPORTADO	1	1	249900.0	1.0	1.0	05 	01 	EPS003	050880802807
2547	SALUD: CONTRIBUTIVO	2010	NO REPORTADO	1	1	27000.0	2.0	2.0	05 	01 	EPS003	050880802807
2548	SALUD: CONTRIBUTIVO	2010	NO REPORTADO	1	1	13500.0	1.0	1.0	05 	01 	EPS003	050880802807
2549	SALUD: CONTRIBUTIVO	2010	NO REPORTADO	1	1	10600.0	1.0	1.0	05 	01 	EPS003	050880802832
2550	SALUD: CONTRIBUTIVO	2010	NO REPORTADO	1	1	21200.0	2.0	2.0	05 	01 	EPS003	050880802832
2551	SALUD: CONTRIBUTIVO	2010	NO REPORTADO	1	1	28900.0	1.0	1.0	05 	01 	EPS003	050880802832
2552	SALUD: CONTRIBUTIVO	2010	NO REPORTADO	1	1	55155.0	9.0	9.0	05 	01 	EPS003	050880802832
2553	SALUD: CONTRIBUTIVO	2010	NO REPORTADO	1	1	4500.0	1.0	1.0	05 	01 	EPS003	050880802832
2554	SALUD: CONTRIBUTIVO	2010	NO REPORTADO	1	1	37730.0	3.0	3.0	05 	01 	EPS003	050880802832
2555	SALUD: CONTRIBUTIVO	2010	NO REPORTADO	1	1	390160.0	16.0	13.0	05 	01 	EPS003	050880802832
2556	SALUD: CONTRIBUTIVO	2010	NO REPORTADO	1	1	61020.0	2.0	2.0	05 	01 	EPS003	050880802832
2557	SALUD: CONTRIBUTIVO	2010	NO REPORTADO	1	1	132420.0	8.0	7.0	05 	01 	EPS003	050880802832
2558	SALUD: CONTRIBUTIVO	2010	NO REPORTADO	1	1	235.0	1.0	1.0	05 	01 	EPS003	050880802832
2559	SALUD: CONTRIBUTIVO	2010	NO REPORTADO	1	1	235.0	1.0	1.0	05 	01 	EPS003	050880802832
2560	SALUD: CONTRIBUTIVO	2010	NO REPORTADO	1	1	46500.0	1.0	1.0	05 	01 	EPS003	050880802832
2561	SALUD: CONTRIBUTIVO	2010	NO REPORTADO	1	1	22100.0	1.0	1.0	05 	01 	EPS003	050880802832
2562	SALUD: CONTRIBUTIVO	2010	NO REPORTADO	1	1	39500.0	1.0	1.0	05 	01 	EPS003	050880802832
2563	SALUD: CONTRIBUTIVO	2010	NO REPORTADO	1	1	42605.0	1.0	1.0	05 	01 	EPS003	050880802832
2564	SALUD: CONTRIBUTIVO	2010	NO REPORTADO	1	1	156000.0	3.0	2.0	05 	01 	EPS003	050880802832
2565	SALUD: CONTRIBUTIVO	2010	NO REPORTADO	1	1	65000.0	2.0	2.0	05 	01 	EPS003	050880802832
2566	SALUD: CONTRIBUTIVO	2010	NO REPORTADO	1	1	23200.0	1.0	1.0	05 	01 	EPS003	050880802832
2567	SALUD: CONTRIBUTIVO	2010	NO REPORTADO	1	1	114400.0	2.0	2.0	05 	01 	EPS003	050880802832
2568	SALUD: CONTRIBUTIVO	2010	NO REPORTADO	1	1	50700.0	1.0	1.0	05 	01 	EPS003	050880802832
2569	SALUD: CONTRIBUTIVO	2010	NO REPORTADO	1	1	50700.0	1.0	1.0	05 	01 	EPS003	050880802832
2570	SALUD: CONTRIBUTIVO	2010	NO REPORTADO	1	1	106000.0	2.0	2.0	05 	01 	EPS003	050880802832
2571	SALUD: CONTRIBUTIVO	2010	NO REPORTADO	1	1	203490.0	6.0	6.0	05 	01 	EPS003	050880802832
2572	SALUD: CONTRIBUTIVO	2010	NO REPORTADO	1	1	7700.0	1.0	1.0	05 	01 	EPS003	050880802832
2573	SALUD: CONTRIBUTIVO	2010	NO REPORTADO	1	1	135430.0	12.0	11.0	05 	01 	EPS003	050880802832
2574	SALUD: CONTRIBUTIVO	2010	NO REPORTADO	1	1	135430.0	12.0	11.0	05 	01 	EPS003	050880802832
2575	SALUD: CONTRIBUTIVO	2010	NO REPORTADO	1	1	5960.0	1.0	1.0	05 	01 	EPS003	050880802832
2576	SALUD: CONTRIBUTIVO	2010	NO REPORTADO	1	1	28000.0	5.0	5.0	05 	01 	EPS003	050880802832
2577	SALUD: CONTRIBUTIVO	2010	NO REPORTADO	1	1	9995.0	2.0	2.0	05 	01 	EPS003	050880802832
2578	SALUD: CONTRIBUTIVO	2010	NO REPORTADO	1	1	25400.0	1.0	1.0	05 	01 	EPS003	050880802832
2579	SALUD: CONTRIBUTIVO	2010	NO REPORTADO	1	1	16800.0	2.0	2.0	05 	01 	EPS003	050880802832
2580	SALUD: CONTRIBUTIVO	2010	NO REPORTADO	1	1	78820.0	13.0	12.0	05 	01 	EPS003	050880802832
2581	SALUD: CONTRIBUTIVO	2010	NO REPORTADO	1	1	10600.0	1.0	1.0	05 	01 	EPS003	050880802832
2582	SALUD: CONTRIBUTIVO	2010	NO REPORTADO	1	1	14300.0	2.0	2.0	05 	01 	EPS003	050880802832
2584	SALUD: CONTRIBUTIVO	2010	NO REPORTADO	1	1	29400.0	3.0	3.0	05 	01 	EPS003	050880802832
2585	SALUD: CONTRIBUTIVO	2010	NO REPORTADO	1	1	19200.0	4.0	3.0	05 	01 	EPS003	050880802832
2586	SALUD: CONTRIBUTIVO	2010	NO REPORTADO	1	1	7700.0	1.0	1.0	05 	01 	EPS003	050880802832
2587	SALUD: CONTRIBUTIVO	2010	NO REPORTADO	1	1	26000.0	1.0	1.0	05 	01 	EPS003	050880802832
2588	SALUD: CONTRIBUTIVO	2010	NO REPORTADO	1	1	4800.0	1.0	1.0	05 	01 	EPS003	050880802832
2589	SALUD: CONTRIBUTIVO	2010	NO REPORTADO	1	1	1980.0	1.0	1.0	05 	01 	EPS003	050880802832
2590	SALUD: CONTRIBUTIVO	2010	NO REPORTADO	1	1	114000.0	10.0	9.0	05 	01 	EPS003	050880802832
2591	SALUD: CONTRIBUTIVO	2010	NO REPORTADO	1	1	51350.0	5.0	5.0	05 	01 	EPS003	050880802832
2592	SALUD: CONTRIBUTIVO	2010	NO REPORTADO	1	1	22800.0	2.0	2.0	05 	01 	EPS003	050880802832
2593	SALUD: CONTRIBUTIVO	2010	NO REPORTADO	1	1	34200.0	3.0	2.0	05 	01 	EPS003	050880802832
2594	SALUD: CONTRIBUTIVO	2010	NO REPORTADO	1	1	13.0	1.0	1.0	05 	01 	EPS003	050880802832
2595	SALUD: CONTRIBUTIVO	2010	NO REPORTADO	1	1	24480.0	10.0	10.0	05 	01 	EPS003	050880802832
2596	SALUD: CONTRIBUTIVO	2010	NO REPORTADO	1	1	53500.0	2.0	1.0	05 	01 	EPS003	050880802832
2597	SALUD: CONTRIBUTIVO	2010	NO REPORTADO	1	1	41.0	1.0	1.0	05 	01 	EPS003	050880802832
2598	SALUD: CONTRIBUTIVO	2010	NO REPORTADO	1	1	24305.0	1.0	1.0	05 	01 	EPS003	050880802832
2599	SALUD: CONTRIBUTIVO	2010	NO REPORTADO	1	1	13068.0	5.0	5.0	05 	01 	EPS003	050880802832
2604	SALUD: CONTRIBUTIVO	2010	NO REPORTADO	1	1	499800.0	2.0	2.0	05 	01 	EPS003	050880802832
2605	SALUD: CONTRIBUTIVO	2010	NO REPORTADO	1	1	53000.0	1.0	1.0	05 	01 	EPS003	050880802832
2606	SALUD: CONTRIBUTIVO	2010	NO REPORTADO	1	1	25770.0	1.0	1.0	05 	01 	EPS003	050880802832
2607	SALUD: CONTRIBUTIVO	2010	NO REPORTADO	1	1	113830.0	2.0	2.0	05 	01 	EPS003	050880802832
2608	SALUD: CONTRIBUTIVO	2010	NO REPORTADO	1	1	146200.0	2.0	2.0	05 	01 	EPS003	050880802832
2609	SALUD: CONTRIBUTIVO	2010	NO REPORTADO	1	1	13500.0	1.0	1.0	05 	01 	EPS003	050880802832
2610	SALUD: CONTRIBUTIVO	2010	NO REPORTADO	1	1	21940.0	2.0	2.0	05 	01 	EPS003	050880802832
2611	SALUD: CONTRIBUTIVO	2010	NO REPORTADO	1	1	53360.0	2.0	2.0	05 	01 	EPS003	050880802832
2612	SALUD: CONTRIBUTIVO	2010	NO REPORTADO	1	1	10600.0	1.0	1.0	05 	01 	EPS003	051010802833
2613	SALUD: CONTRIBUTIVO	2010	NO REPORTADO	1	1	2200.0	1.0	1.0	05 	01 	EPS003	051010802833
2614	SALUD: CONTRIBUTIVO	2010	NO REPORTADO	1	1	6900.0	1.0	1.0	05 	01 	EPS003	051010802833
2615	SALUD: CONTRIBUTIVO	2010	NO REPORTADO	1	1	11900.0	1.0	1.0	05 	01 	EPS003	051010802833
2616	SALUD: CONTRIBUTIVO	2010	NO REPORTADO	1	1	25930.0	1.0	1.0	05 	01 	EPS003	051010802833
2617	SALUD: CONTRIBUTIVO	2010	NO REPORTADO	1	1	71800.0	2.0	2.0	05 	01 	EPS003	051010802833
2618	SALUD: CONTRIBUTIVO	2010	NO REPORTADO	1	1	23800.0	2.0	2.0	05 	01 	EPS003	051010802833
2619	SALUD: CONTRIBUTIVO	2010	NO REPORTADO	1	1	23800.0	2.0	2.0	05 	01 	EPS003	051010802833
2620	SALUD: CONTRIBUTIVO	2010	NO REPORTADO	1	1	6600.0	1.0	1.0	05 	01 	EPS003	051010802833
2622	SALUD: CONTRIBUTIVO	2010	NO REPORTADO	1	1	9800.0	1.0	1.0	05 	01 	EPS003	051010802833
2623	SALUD: CONTRIBUTIVO	2010	NO REPORTADO	1	1	16225.0	3.0	1.0	05 	01 	EPS003	051010802833
2624	SALUD: CONTRIBUTIVO	2010	NO REPORTADO	1	1	22800.0	2.0	2.0	05 	01 	EPS003	051010802833
2625	SALUD: CONTRIBUTIVO	2010	NO REPORTADO	1	1	2700.0	1.0	1.0	05 	01 	EPS003	051010802833
2630	SALUD: CONTRIBUTIVO	2010	NO REPORTADO	1	1	54500.0	1.0	1.0	05 	01 	EPS003	051010802833
2631	SALUD: CONTRIBUTIVO	2010	NO REPORTADO	1	1	30510.0	1.0	1.0	05 	01 	EPS003	051290802809
2632	SALUD: CONTRIBUTIVO	2010	NO REPORTADO	1	1	35900.0	1.0	1.0	05 	01 	EPS003	051290802809
2633	SALUD: CONTRIBUTIVO	2010	NO REPORTADO	1	1	7700.0	1.0	1.0	05 	01 	EPS003	051290802809
2634	SALUD: CONTRIBUTIVO	2010	NO REPORTADO	1	1	11900.0	1.0	1.0	05 	01 	EPS003	051290802809
2635	SALUD: CONTRIBUTIVO	2010	NO REPORTADO	1	1	11900.0	1.0	1.0	05 	01 	EPS003	051290802809
2636	SALUD: CONTRIBUTIVO	2010	NO REPORTADO	1	1	14300.0	1.0	1.0	05 	01 	EPS003	051290802809
2637	SALUD: CONTRIBUTIVO	2010	NO REPORTADO	1	1	3315.0	1.0	1.0	05 	01 	EPS003	051290802809
2638	SALUD: CONTRIBUTIVO	2010	NO REPORTADO	1	1	11400.0	1.0	1.0	05 	01 	EPS003	051290802809
2641	SALUD: CONTRIBUTIVO	2010	NO REPORTADO	1	1	7300.0	1.0	1.0	05 	01 	EPS003	052120392202
2642	SALUD: CONTRIBUTIVO	2010	NO REPORTADO	1	1	7500.0	1.0	1.0	05 	01 	EPS003	052120392202
2643	SALUD: CONTRIBUTIVO	2010	NO REPORTADO	1	1	11900.0	1.0	1.0	05 	01 	EPS003	052120392202
2644	SALUD: CONTRIBUTIVO	2010	NO REPORTADO	1	1	11900.0	1.0	1.0	05 	01 	EPS003	052120392202
2645	SALUD: CONTRIBUTIVO	2010	NO REPORTADO	1	1	8400.0	1.0	1.0	05 	01 	EPS003	052120392202
2646	SALUD: CONTRIBUTIVO	2010	NO REPORTADO	1	1	6600.0	1.0	1.0	05 	01 	EPS003	052120392202
2647	SALUD: CONTRIBUTIVO	2010	NO REPORTADO	1	1	4800.0	1.0	1.0	05 	01 	EPS003	052120392202
2648	SALUD: CONTRIBUTIVO	2010	NO REPORTADO	1	1	11400.0	1.0	1.0	05 	01 	EPS003	052120392202
2649	SALUD: CONTRIBUTIVO	2010	NO REPORTADO	1	1	2700.0	1.0	1.0	05 	01 	EPS003	052120392202
2651	SALUD: CONTRIBUTIVO	2010	NO REPORTADO	1	1	9720.0	2.0	2.0	05 	01 	EPS003	0521204828
2652	SALUD: CONTRIBUTIVO	2010	NO REPORTADO	1	1	15415.0	1.0	1.0	05 	01 	EPS003	0521204828
2653	SALUD: CONTRIBUTIVO	2010	NO REPORTADO	1	1	61020.0	2.0	2.0	05 	01 	EPS003	0521204828
2654	SALUD: CONTRIBUTIVO	2010	NO REPORTADO	1	1	3315.0	1.0	1.0	05 	01 	EPS003	0521204828
2655	SALUD: CONTRIBUTIVO	2010	NO REPORTADO	1	1	20540.0	2.0	2.0	05 	01 	EPS003	0521204828
2656	SALUD: CONTRIBUTIVO	2010	NO REPORTADO	1	1	2880.0	2.0	2.0	05 	01 	EPS003	0521204828
2658	SALUD: CONTRIBUTIVO	2010	NO REPORTADO	1	1	8440.0	1.0	1.0	05 	01 	EPS003	0521204828
2659	SALUD: CONTRIBUTIVO	2010	NO REPORTADO	1	1	16880.0	2.0	2.0	05 	01 	EPS003	0521204828
2660	SALUD: CONTRIBUTIVO	2010	NO REPORTADO	1	1	3785.0	1.0	1.0	05 	01 	EPS003	052660299601
2661	SALUD: CONTRIBUTIVO	2010	NO REPORTADO	1	1	65360.0	2.0	2.0	05 	01 	EPS003	052660299601
2662	SALUD: CONTRIBUTIVO	2010	NO REPORTADO	1	1	122040.0	4.0	4.0	05 	01 	EPS003	052660299601
2663	SALUD: CONTRIBUTIVO	2010	NO REPORTADO	1	1	23990.0	1.0	1.0	05 	01 	EPS003	052660299601
2664	SALUD: CONTRIBUTIVO	2010	NO REPORTADO	1	1	4530.0	1.0	1.0	05 	01 	EPS003	052660299601
2665	SALUD: CONTRIBUTIVO	2010	NO REPORTADO	1	1	4530.0	1.0	1.0	05 	01 	EPS003	052660299601
2666	SALUD: CONTRIBUTIVO	2010	NO REPORTADO	1	1	6190.0	2.0	2.0	05 	01 	EPS003	052660299601
2667	SALUD: CONTRIBUTIVO	2010	NO REPORTADO	1	1	3095.0	1.0	1.0	05 	01 	EPS003	052660299601
2669	SALUD: CONTRIBUTIVO	2010	NO REPORTADO	1	1	16145.0	1.0	1.0	05 	01 	EPS003	052660299601
2670	SALUD: CONTRIBUTIVO	2010	NO REPORTADO	1	1	20540.0	2.0	2.0	05 	01 	EPS003	052660299601
2671	SALUD: CONTRIBUTIVO	2010	NO REPORTADO	1	1	2880.0	2.0	2.0	05 	01 	EPS003	052660299601
2672	SALUD: CONTRIBUTIVO	2010	NO REPORTADO	1	1	30215.0	1.0	1.0	05 	01 	EPS003	052660299601
2673	SALUD: CONTRIBUTIVO	2010	NO REPORTADO	1	1	4970.0	2.0	2.0	05 	01 	EPS003	052660299601
2675	SALUD: CONTRIBUTIVO	2010	NO REPORTADO	1	1	56230.0	1.0	1.0	05 	01 	EPS003	052660299601
2676	SALUD: CONTRIBUTIVO	2010	NO REPORTADO	1	1	73100.0	1.0	1.0	05 	01 	EPS003	052660299601
2677	SALUD: CONTRIBUTIVO	2010	NO REPORTADO	1	1	8440.0	1.0	1.0	05 	01 	EPS003	052660299601
2678	SALUD: CONTRIBUTIVO	2010	NO REPORTADO	1	1	110010.0	1.0	1.0	05 	00 	EPS003	052660299601
2680	SALUD: CONTRIBUTIVO	2010	NO REPORTADO	1	1	21900.0	3.0	3.0	05 	01 	EPS003	052660802810
2681	SALUD: CONTRIBUTIVO	2010	NO REPORTADO	1	1	17800.0	1.0	1.0	05 	01 	EPS003	052660802810
2682	SALUD: CONTRIBUTIVO	2010	NO REPORTADO	1	1	69600.0	3.0	3.0	05 	01 	EPS003	052660802810
2683	SALUD: CONTRIBUTIVO	2010	NO REPORTADO	1	1	23800.0	2.0	2.0	05 	01 	EPS003	052660802810
2684	SALUD: CONTRIBUTIVO	2010	NO REPORTADO	1	1	46500.0	1.0	1.0	05 	01 	EPS003	052660802810
2685	SALUD: CONTRIBUTIVO	2010	NO REPORTADO	1	1	71800.0	2.0	2.0	05 	01 	EPS003	052660802810
2686	SALUD: CONTRIBUTIVO	2010	NO REPORTADO	1	1	11900.0	1.0	1.0	05 	01 	EPS003	052660802810
2687	SALUD: CONTRIBUTIVO	2010	NO REPORTADO	1	1	11900.0	1.0	1.0	05 	01 	EPS003	052660802810
2688	SALUD: CONTRIBUTIVO	2010	NO REPORTADO	1	1	5200.0	1.0	1.0	05 	01 	EPS003	052660802810
2689	SALUD: CONTRIBUTIVO	2010	NO REPORTADO	1	1	13800.0	2.0	2.0	05 	01 	EPS003	052660802810
2690	SALUD: CONTRIBUTIVO	2010	NO REPORTADO	1	1	14300.0	1.0	1.0	05 	01 	EPS003	052660802810
2691	SALUD: CONTRIBUTIVO	2010	NO REPORTADO	1	1	19800.0	3.0	3.0	05 	01 	EPS003	052660802810
2693	SALUD: CONTRIBUTIVO	2010	NO REPORTADO	1	1	4800.0	1.0	1.0	05 	01 	EPS003	052660802810
2694	SALUD: CONTRIBUTIVO	2010	NO REPORTADO	1	1	22800.0	2.0	2.0	05 	01 	EPS003	052660802810
2695	SALUD: CONTRIBUTIVO	2010	NO REPORTADO	1	1	2700.0	1.0	1.0	05 	01 	EPS003	052660802810
2696	SALUD: CONTRIBUTIVO	2010	NO REPORTADO	1	1	16200.0	1.0	1.0	05 	01 	EPS003	052660802810
2697	SALUD: CONTRIBUTIVO	2010	NO REPORTADO	1	1	16500.0	1.0	1.0	05 	01 	EPS003	052660802810
2698	SALUD: CONTRIBUTIVO	2010	NO REPORTADO	1	1	29900.0	1.0	1.0	05 	01 	EPS003	052660802810
2699	SALUD: CONTRIBUTIVO	2010	NO REPORTADO	1	1	3128.0	1.0	1.0	05 	01 	EPS003	052660802810
2703	SALUD: CONTRIBUTIVO	2010	NO REPORTADO	1	1	57600.0	1.0	1.0	05 	01 	EPS003	052660802810
2704	SALUD: CONTRIBUTIVO	2010	NO REPORTADO	1	1	95800.0	1.0	1.0	05 	01 	EPS003	052660802810
2705	SALUD: CONTRIBUTIVO	2010	NO REPORTADO	1	1	65970.0	10.0	9.0	05 	01 	EPS003	053600802808
2706	SALUD: CONTRIBUTIVO	2010	NO REPORTADO	1	1	218280.0	9.0	8.0	05 	01 	EPS003	053600802808
2707	SALUD: CONTRIBUTIVO	2010	NO REPORTADO	1	1	120520.0	7.0	7.0	05 	01 	EPS003	053600802808
2708	SALUD: CONTRIBUTIVO	2010	NO REPORTADO	1	1	93000.0	2.0	2.0	05 	01 	EPS003	053600802808
2709	SALUD: CONTRIBUTIVO	2010	NO REPORTADO	1	1	65000.0	2.0	2.0	05 	01 	EPS003	053600802808
2710	SALUD: CONTRIBUTIVO	2010	NO REPORTADO	1	1	42500.0	1.0	1.0	05 	01 	EPS003	053600802808
2711	SALUD: CONTRIBUTIVO	2010	NO REPORTADO	1	1	119780.0	4.0	4.0	05 	01 	EPS003	053600802808
2712	SALUD: CONTRIBUTIVO	2010	NO REPORTADO	1	1	75930.0	7.0	6.0	05 	01 	EPS003	053600802808
2713	SALUD: CONTRIBUTIVO	2010	NO REPORTADO	1	1	75930.0	7.0	6.0	05 	01 	EPS003	053600802808
2714	SALUD: CONTRIBUTIVO	2010	NO REPORTADO	1	1	26800.0	2.0	2.0	05 	01 	EPS003	053600802808
2715	SALUD: CONTRIBUTIVO	2010	NO REPORTADO	1	1	5200.0	1.0	1.0	05 	01 	EPS003	053600802808
2716	SALUD: CONTRIBUTIVO	2010	NO REPORTADO	1	1	13400.0	1.0	1.0	05 	01 	EPS003	053600802808
2717	SALUD: CONTRIBUTIVO	2010	NO REPORTADO	1	1	16800.0	3.0	3.0	05 	01 	EPS003	053600802808
2718	SALUD: CONTRIBUTIVO	2010	NO REPORTADO	1	1	10040.0	1.0	1.0	05 	01 	EPS003	053600802808
2719	SALUD: CONTRIBUTIVO	2010	NO REPORTADO	1	1	17400.0	3.0	2.0	05 	01 	EPS003	053600802808
2720	SALUD: CONTRIBUTIVO	2010	NO REPORTADO	1	1	40690.0	7.0	7.0	05 	01 	EPS003	053600802808
2721	SALUD: CONTRIBUTIVO	2010	NO REPORTADO	1	1	72220.0	12.0	11.0	05 	01 	EPS003	053600802808
2722	SALUD: CONTRIBUTIVO	2010	NO REPORTADO	1	1	10600.0	1.0	1.0	05 	01 	EPS003	053600802808
2725	SALUD: CONTRIBUTIVO	2010	NO REPORTADO	1	1	9800.0	1.0	1.0	05 	01 	EPS003	053600802808
2726	SALUD: CONTRIBUTIVO	2010	NO REPORTADO	1	1	9600.0	2.0	2.0	05 	01 	EPS003	053600802808
2727	SALUD: CONTRIBUTIVO	2010	NO REPORTADO	1	1	46200.0	6.0	5.0	05 	01 	EPS003	053600802808
2728	SALUD: CONTRIBUTIVO	2010	NO REPORTADO	1	1	68400.0	6.0	5.0	05 	01 	EPS003	053600802808
2729	SALUD: CONTRIBUTIVO	2010	NO REPORTADO	1	1	20540.0	2.0	2.0	05 	01 	EPS003	053600802808
216908	SALUD: SUBSIDIADO	2014	NO REPORTADO	1	1	8800.0	1.0	1.0	41 	01 	EPS020	415510047901
216909	SALUD: SUBSIDIADO	2014	NO REPORTADO	1	1	8700.0	1.0	1.0	41 	01 	EPS020	415510047901
216910	SALUD: SUBSIDIADO	2014	NO REPORTADO	1	1	14200.0	1.0	1.0	41 	01 	EPS020	415510047901
216911	SALUD: SUBSIDIADO	2014	NO REPORTADO	1	1	1600.0	1.0	1.0	41 	01 	EPS020	415510047901
216912	SALUD: SUBSIDIADO	2014	NO REPORTADO	1	1	26900.0	1.0	1.0	41 	01 	EPS020	415510047901
216914	SALUD: SUBSIDIADO	2014	NO REPORTADO	1	1	5900.0	1.0	1.0	41 	01 	EPS020	415510047901
216915	SALUD: SUBSIDIADO	2014	NO REPORTADO	1	1	9400.0	1.0	1.0	41 	01 	EPS020	415510047901
216916	SALUD: SUBSIDIADO	2014	NO REPORTADO	1	1	45500.0	1.0	1.0	41 	01 	EPS020	415510047901
216917	SALUD: SUBSIDIADO	2014	NO REPORTADO	1	1	27600.0	1.0	1.0	41 	01 	EPS020	415510047901
216918	SALUD: SUBSIDIADO	2014	NO REPORTADO	1	1	9800.0	1.0	1.0	41 	01 	EPS020	415510048501
216919	SALUD: SUBSIDIADO	2014	NO REPORTADO	1	1	9400.0	1.0	1.0	41 	01 	EPS020	415510048501
216920	SALUD: SUBSIDIADO	2014	NO REPORTADO	1	1	16200.0	1.0	1.0	41 	01 	EPS020	415510048501
216923	SALUD: SUBSIDIADO	2014	NO REPORTADO	1	1	18715.0	1.0	1.0	41 	01 	EPS020	416150051801
216924	SALUD: SUBSIDIADO	2014	NO REPORTADO	1	1	18715.0	1.0	1.0	41 	01 	EPS020	416150051801
216929	SALUD: SUBSIDIADO	2014	NO REPORTADO	1	1	16150.0	1.0	1.0	41 	01 	EPS020	417700042001
216933	SALUD: SUBSIDIADO	2014	NO REPORTADO	1	1	18124.0	2.0	2.0	41 	01 	EPS020	417910033301
216934	SALUD: SUBSIDIADO	2014	NO REPORTADO	1	1	9476.0	1.0	1.0	41 	01 	EPS020	417910033301
216935	SALUD: SUBSIDIADO	2014	NO REPORTADO	1	1	18216.0	2.0	2.0	41 	01 	EPS020	417910033301
216936	SALUD: SUBSIDIADO	2014	NO REPORTADO	1	1	35052.0	2.0	1.0	41 	01 	EPS020	417910033301
216937	SALUD: SUBSIDIADO	2014	NO REPORTADO	1	1	37823.0	4.0	2.0	41 	01 	EPS020	417910033301
216938	SALUD: SUBSIDIADO	2014	NO REPORTADO	1	1	29325.0	3.0	1.0	41 	01 	EPS020	417910033301
216939	SALUD: SUBSIDIADO	2014	NO REPORTADO	1	1	70040.0	8.0	3.0	41 	01 	EPS020	417910033301
216940	SALUD: SUBSIDIADO	2014	NO REPORTADO	1	1	67320.0	8.0	3.0	41 	01 	EPS020	417910033301
216941	SALUD: SUBSIDIADO	2014	NO REPORTADO	1	1	53295.0	3.0	1.0	41 	01 	EPS020	417910033301
216942	SALUD: SUBSIDIADO	2014	NO REPORTADO	1	1	51765.0	3.0	1.0	41 	01 	EPS020	417910033301
216943	SALUD: SUBSIDIADO	2014	NO REPORTADO	1	1	43860.0	3.0	1.0	41 	01 	EPS020	417910033301
216944	SALUD: SUBSIDIADO	2014	NO REPORTADO	1	1	29325.0	3.0	1.0	41 	01 	EPS020	417910033301
216945	SALUD: SUBSIDIADO	2014	NO REPORTADO	1	1	89080.0	6.0	4.0	41 	01 	EPS020	417910033301
216946	SALUD: SUBSIDIADO	2014	NO REPORTADO	1	1	603.0	2.0	2.0	41 	01 	EPS020	417910033301
216956	SALUD: SUBSIDIADO	2014	NO REPORTADO	1	1	21400.0	1.0	1.0	41 	01 	EPS020	687550079901
216964	SALUD: SUBSIDIADO	2014	NO REPORTADO	1	1	2508.0	2.0	1.0	41 	01 	EPSS03	410010116201
216966	SALUD: SUBSIDIADO	2014	NO REPORTADO	1	1	339.0	1.0	1.0	41 	01 	EPSS03	415510116202
216967	SALUD: SUBSIDIADO	2014	NO REPORTADO	1	1	276.0	1.0	1.0	41 	00 	EPSS03	415510116202
216970	SALUD: SUBSIDIADO	2014	NO REPORTADO	1	1	289000.0	17.0	14.0	41 	01 	ESS062	190010827901
216971	SALUD: SUBSIDIADO	2014	NO REPORTADO	1	1	293800.0	26.0	21.0	41 	01 	ESS062	190010827901
216972	SALUD: SUBSIDIADO	2014	NO REPORTADO	1	1	41550.0	3.0	3.0	41 	01 	ESS062	190010827901
216973	SALUD: SUBSIDIADO	2014	NO REPORTADO	1	1	22650.0	3.0	3.0	41 	01 	ESS062	190010827901
216977	SALUD: SUBSIDIADO	2014	NO REPORTADO	1	1	192000.0	30.0	1.0	41 	01 	ESS062	410010086601
216978	SALUD: SUBSIDIADO	2014	NO REPORTADO	1	1	100000.0	1.0	1.0	41 	01 	ESS062	410010118601
216979	SALUD: SUBSIDIADO	2014	NO REPORTADO	1	1	30190.0	1.0	1.0	41 	01 	ESS062	410010118601
216980	SALUD: SUBSIDIADO	2014	NO REPORTADO	1	1	25320.0	3.0	3.0	41 	01 	ESS062	410010118601
216981	SALUD: SUBSIDIADO	2014	NO REPORTADO	1	1	42200.0	5.0	5.0	41 	01 	ESS062	410010118601
216982	SALUD: SUBSIDIADO	2014	NO REPORTADO	1	1	95450.0	5.0	5.0	41 	01 	ESS062	410010118601
216983	SALUD: SUBSIDIADO	2014	NO REPORTADO	1	1	25320.0	3.0	3.0	41 	01 	ESS062	410010118601
216984	SALUD: SUBSIDIADO	2014	NO REPORTADO	1	1	54525.0	3.0	3.0	41 	01 	ESS062	410010118601
216985	SALUD: SUBSIDIADO	2014	NO REPORTADO	1	1	14730.0	1.0	1.0	41 	01 	ESS062	410010118601
216986	SALUD: SUBSIDIADO	2014	NO REPORTADO	1	1	44190.0	3.0	3.0	41 	01 	ESS062	410010118601
216987	SALUD: SUBSIDIADO	2014	NO REPORTADO	1	1	103300.0	5.0	5.0	41 	01 	ESS062	410010118601
216989	SALUD: SUBSIDIADO	2014	NO REPORTADO	1	1	192780.0	1.0	1.0	41 	01 	ESS062	410010123301
216990	SALUD: SUBSIDIADO	2014	NO REPORTADO	1	1	5171400.0	39.0	16.0	41 	01 	ESS062	410010123301
216994	SALUD: SUBSIDIADO	2014	NO REPORTADO	1	1	11500.0	1.0	1.0	41 	01 	ESS062	410780035201
216995	SALUD: SUBSIDIADO	2014	NO REPORTADO	1	1	20900.0	1.0	1.0	41 	01 	ESS062	410780035201
216997	SALUD: SUBSIDIADO	2014	NO REPORTADO	1	1	10000.0	1.0	1.0	41 	01 	ESS062	411320047701
216998	SALUD: SUBSIDIADO	2014	NO REPORTADO	1	1	7475.0	1.0	1.0	41 	01 	ESS062	411320047701
216999	SALUD: SUBSIDIADO	2014	NO REPORTADO	1	1	5330.0	1.0	1.0	41 	01 	ESS062	411320047701
217000	SALUD: SUBSIDIADO	2014	NO REPORTADO	1	1	6695.0	1.0	1.0	41 	01 	ESS062	411320047701
217001	SALUD: SUBSIDIADO	2014	NO REPORTADO	1	1	7475.0	1.0	1.0	41 	01 	ESS062	411320047701
217002	SALUD: SUBSIDIADO	2014	NO REPORTADO	1	1	13585.0	1.0	1.0	41 	01 	ESS062	411320047701
217005	SALUD: SUBSIDIADO	2014	NO REPORTADO	1	1	9249.0	1.0	1.0	41 	01 	ESS062	412980035701
217006	SALUD: SUBSIDIADO	2014	NO REPORTADO	1	1	6981.0	1.0	1.0	41 	01 	ESS062	412980035701
217007	SALUD: SUBSIDIADO	2014	NO REPORTADO	1	1	40142.0	1.0	1.0	41 	01 	ESS062	412980035701
217008	SALUD: SUBSIDIADO	2014	NO REPORTADO	1	1	27225.0	3.0	2.0	41 	01 	ESS062	412980035701
217009	SALUD: SUBSIDIADO	2014	NO REPORTADO	1	1	16754.0	2.0	2.0	41 	01 	ESS062	412980035701
217010	SALUD: SUBSIDIADO	2014	NO REPORTADO	1	1	17802.0	1.0	1.0	41 	01 	ESS062	412980035701
217011	SALUD: SUBSIDIADO	2014	NO REPORTADO	1	1	19546.0	2.0	2.0	41 	01 	ESS062	412980035701
217012	SALUD: SUBSIDIADO	2014	NO REPORTADO	1	1	28970.0	2.0	2.0	41 	01 	ESS062	412980035701
217017	SALUD: SUBSIDIADO	2014	NO REPORTADO	1	1	14585.0	2.0	2.0	41 	01 	ESS062	413960010201
217018	SALUD: SUBSIDIADO	2014	NO REPORTADO	1	1	24780.0	4.0	4.0	41 	01 	ESS062	413960010201
217019	SALUD: SUBSIDIADO	2014	NO REPORTADO	1	1	4860.0	1.0	1.0	41 	01 	ESS062	413960010201
217020	SALUD: SUBSIDIADO	2014	NO REPORTADO	1	1	25660.0	4.0	4.0	41 	01 	ESS062	413960010201
217021	SALUD: SUBSIDIADO	2014	NO REPORTADO	1	1	22620.0	2.0	2.0	41 	01 	ESS062	413960010201
217022	SALUD: SUBSIDIADO	2014	NO REPORTADO	1	1	40400.0	1.0	1.0	41 	01 	ESS062	413960010201
217023	SALUD: SUBSIDIADO	2014	NO REPORTADO	1	1	41000.0	1.0	1.0	41 	01 	ESS062	413960010201
217024	SALUD: SUBSIDIADO	2014	NO REPORTADO	1	1	30965.0	1.0	1.0	41 	01 	ESS062	413960010201
217025	SALUD: SUBSIDIADO	2014	NO REPORTADO	1	1	49190.0	5.0	4.0	41 	01 	ESS062	413960010201
217026	SALUD: SUBSIDIADO	2014	NO REPORTADO	1	1	49190.0	5.0	4.0	41 	01 	ESS062	413960010201
217027	SALUD: SUBSIDIADO	2014	NO REPORTADO	1	1	11865.0	2.0	2.0	41 	01 	ESS062	413960010201
217028	SALUD: SUBSIDIADO	2014	NO REPORTADO	1	1	15990.0	3.0	3.0	41 	01 	ESS062	413960010201
217029	SALUD: SUBSIDIADO	2014	NO REPORTADO	1	1	15800.0	1.0	1.0	41 	01 	ESS062	413960010201
217030	SALUD: SUBSIDIADO	2014	NO REPORTADO	1	1	3315.0	1.0	1.0	41 	01 	ESS062	413960010201
217031	SALUD: SUBSIDIADO	2014	NO REPORTADO	1	1	32695.0	1.0	1.0	41 	01 	ESS062	413960010201
217032	SALUD: SUBSIDIADO	2014	NO REPORTADO	1	1	31200.0	1.0	1.0	41 	01 	ESS062	413960010201
217033	SALUD: SUBSIDIADO	2014	NO REPORTADO	1	1	55075.0	5.0	4.0	41 	01 	ESS062	413960010201
217034	SALUD: SUBSIDIADO	2014	NO REPORTADO	1	1	8850.0	1.0	1.0	41 	01 	ESS062	413960010201
217035	SALUD: SUBSIDIADO	2014	NO REPORTADO	1	1	10680.0	4.0	4.0	41 	01 	ESS062	413960010201
217036	SALUD: SUBSIDIADO	2014	NO REPORTADO	1	1	24800.0	1.0	1.0	41 	01 	ESS062	413960010201
258494	SALUD: CONTRIBUTIVO	2015	NO REPORTADO	1	1	9060.0	2.0	1.0	19 	01 	EPS013	760010538303
258495	SALUD: CONTRIBUTIVO	2015	NO REPORTADO	1	1	6190.0	2.0	1.0	19 	01 	EPS013	760010538303
258496	SALUD: CONTRIBUTIVO	2015	NO REPORTADO	1	1	14920.0	2.0	1.0	19 	01 	EPS013	760010538303
258497	SALUD: CONTRIBUTIVO	2015	NO REPORTADO	1	1	11030.0	2.0	1.0	19 	01 	EPS013	760010538303
258498	SALUD: CONTRIBUTIVO	2015	NO REPORTADO	1	1	17700.0	2.0	1.0	19 	01 	EPS013	760010538303
258499	SALUD: CONTRIBUTIVO	2015	NO REPORTADO	1	1	2880.0	2.0	1.0	19 	01 	EPS013	760010538303
258504	SALUD: CONTRIBUTIVO	2015	NO REPORTADO	1	1	601316.0	2.0	2.0	19 	01 	EPS013	760010775901
258505	SALUD: CONTRIBUTIVO	2015	NO REPORTADO	1	1	44000.0	2.0	1.0	19 	01 	EPS013	760010775902
258506	SALUD: CONTRIBUTIVO	2015	NO REPORTADO	1	1	647114.0	2.0	1.0	19 	01 	EPS013	760010775902
258507	SALUD: CONTRIBUTIVO	2015	NO REPORTADO	1	1	56266.0	17.0	8.0	19 	01 	EPS013	760010775902
258508	SALUD: CONTRIBUTIVO	2015	NO REPORTADO	1	1	9720.0	3.0	2.0	19 	01 	EPS013	760010775902
258509	SALUD: CONTRIBUTIVO	2015	NO REPORTADO	1	1	350023.0	13.0	6.0	19 	01 	EPS013	760010775902
258510	SALUD: CONTRIBUTIVO	2015	NO REPORTADO	1	1	53420.0	2.0	1.0	19 	01 	EPS013	760010775902
258511	SALUD: CONTRIBUTIVO	2015	NO REPORTADO	1	1	54340.0	5.0	3.0	19 	01 	EPS013	760010775902
258512	SALUD: CONTRIBUTIVO	2015	NO REPORTADO	1	1	51830.0	2.0	1.0	19 	01 	EPS013	760010775902
258513	SALUD: CONTRIBUTIVO	2015	NO REPORTADO	1	1	45196.0	2.0	1.0	19 	01 	EPS013	760010775902
258514	SALUD: CONTRIBUTIVO	2015	NO REPORTADO	1	1	79755.0	2.0	1.0	19 	01 	EPS013	760010775902
258515	SALUD: CONTRIBUTIVO	2015	NO REPORTADO	1	1	73901.0	3.0	2.0	19 	01 	EPS013	760010775902
258516	SALUD: CONTRIBUTIVO	2015	NO REPORTADO	1	1	5170.0	1.0	1.0	19 	01 	EPS013	760010775902
258517	SALUD: CONTRIBUTIVO	2015	NO REPORTADO	1	1	59705.0	16.0	8.0	19 	01 	EPS013	760010775902
258518	SALUD: CONTRIBUTIVO	2015	NO REPORTADO	1	1	59705.0	16.0	8.0	19 	01 	EPS013	760010775902
258519	SALUD: CONTRIBUTIVO	2015	NO REPORTADO	1	1	6190.0	3.0	2.0	19 	01 	EPS013	760010775902
258520	SALUD: CONTRIBUTIVO	2015	NO REPORTADO	1	1	43330.0	19.0	10.0	19 	01 	EPS013	760010775902
258521	SALUD: CONTRIBUTIVO	2015	NO REPORTADO	1	1	7460.0	1.0	1.0	19 	01 	EPS013	760010775902
258522	SALUD: CONTRIBUTIVO	2015	NO REPORTADO	1	1	5515.0	1.0	1.0	19 	01 	EPS013	760010775902
258523	SALUD: CONTRIBUTIVO	2015	NO REPORTADO	1	1	44060.0	6.0	4.0	19 	01 	EPS013	760010775902
258524	SALUD: CONTRIBUTIVO	2015	NO REPORTADO	1	1	8850.0	1.0	1.0	19 	01 	EPS013	760010775902
258525	SALUD: CONTRIBUTIVO	2015	NO REPORTADO	1	1	51920.0	11.0	5.0	19 	01 	EPS013	760010775902
258526	SALUD: CONTRIBUTIVO	2015	NO REPORTADO	1	1	15840.0	16.0	7.0	19 	01 	EPS013	760010775902
258527	SALUD: CONTRIBUTIVO	2015	NO REPORTADO	1	1	18770.0	4.0	1.0	19 	01 	EPS013	760010775902
258528	SALUD: CONTRIBUTIVO	2015	NO REPORTADO	1	1	22545.0	5.0	1.0	19 	01 	EPS013	760010775902
258529	SALUD: CONTRIBUTIVO	2015	NO REPORTADO	1	1	31465.0	1.0	1.0	19 	01 	EPS013	760010775902
258530	SALUD: CONTRIBUTIVO	2015	NO REPORTADO	1	1	64675.0	2.0	1.0	19 	01 	EPS013	760010775902
258531	SALUD: CONTRIBUTIVO	2015	NO REPORTADO	1	1	24305.0	2.0	1.0	19 	01 	EPS013	760010775902
258532	SALUD: CONTRIBUTIVO	2015	NO REPORTADO	1	1	109120.0	2.0	1.0	19 	01 	EPS013	760010775902
258533	SALUD: CONTRIBUTIVO	2015	NO REPORTADO	1	1	36450.0	4.0	1.0	19 	01 	EPS013	760010775902
258535	SALUD: CONTRIBUTIVO	2015	NO REPORTADO	1	1	30190.0	1.0	1.0	19 	01 	EPS013	760010775902
258536	SALUD: CONTRIBUTIVO	2015	NO REPORTADO	1	1	8440.0	1.0	1.0	19 	01 	EPS013	760010775902
258537	SALUD: CONTRIBUTIVO	2015	NO REPORTADO	1	1	8440.0	1.0	1.0	19 	01 	EPS013	760010775902
258538	SALUD: CONTRIBUTIVO	2015	NO REPORTADO	1	1	8440.0	1.0	1.0	19 	01 	EPS013	760010775902
258539	SALUD: CONTRIBUTIVO	2015	NO REPORTADO	1	1	20660.0	1.0	1.0	19 	01 	EPS013	760010775902
258540	SALUD: CONTRIBUTIVO	2015	NO REPORTADO	1	1	3785.0	1.0	1.0	19 	01 	EPS013	760010775903
258541	SALUD: CONTRIBUTIVO	2015	NO REPORTADO	1	1	32680.0	1.0	1.0	19 	01 	EPS013	760010775903
258542	SALUD: CONTRIBUTIVO	2015	NO REPORTADO	1	1	4530.0	1.0	1.0	19 	01 	EPS013	760010775903
258543	SALUD: CONTRIBUTIVO	2015	NO REPORTADO	1	1	4530.0	1.0	1.0	19 	01 	EPS013	760010775903
258544	SALUD: CONTRIBUTIVO	2015	NO REPORTADO	1	1	3095.0	1.0	1.0	19 	01 	EPS013	760010775903
258545	SALUD: CONTRIBUTIVO	2015	NO REPORTADO	1	1	8850.0	1.0	1.0	19 	01 	EPS013	760010775903
261542	SALUD: SUBSIDIADO	2015	NO REPORTADO	1	1	13590.0	3.0	1.0	23 	01 	ESS207	700010104201
261543	SALUD: SUBSIDIADO	2015	NO REPORTADO	1	1	13590.0	3.0	1.0	23 	01 	ESS207	700010104201
261556	SALUD: CONTRIBUTIVO	2015	NIVEL 1	1	1	17904.0	3.0	1.0	25 	01 	EPS002	253070014913
261557	SALUD: CONTRIBUTIVO	2015	NIVEL 1	1	1	12274.0	2.0	1.0	25 	00 	EPS003	251750028101
261564	SALUD: CONTRIBUTIVO	2015	NIVEL 1	1	1	222000.0	1.0	1.0	25 	01 	EPS013	110011275109
261565	SALUD: CONTRIBUTIVO	2015	NIVEL 1	1	1	3785.0	1.0	1.0	25 	01 	EPS013	110011275109
261566	SALUD: CONTRIBUTIVO	2015	NIVEL 1	1	1	23665.0	2.0	1.0	25 	01 	EPS013	110011275109
261567	SALUD: CONTRIBUTIVO	2015	NIVEL 1	1	1	27440.0	1.0	1.0	25 	01 	EPS013	110011275109
261568	SALUD: CONTRIBUTIVO	2015	NIVEL 1	1	1	23990.0	1.0	1.0	25 	01 	EPS013	110011275109
261569	SALUD: CONTRIBUTIVO	2015	NIVEL 1	1	1	3095.0	1.0	1.0	25 	01 	EPS013	110011275109
261570	SALUD: CONTRIBUTIVO	2015	NIVEL 1	1	1	1440.0	1.0	1.0	25 	01 	EPS013	110011275109
261571	SALUD: CONTRIBUTIVO	2015	NIVEL 1	1	1	9350.0	2.0	1.0	25 	01 	EPS013	110011275109
261574	SALUD: CONTRIBUTIVO	2015	NIVEL 1	1	1	30544.0	2.0	1.0	25 	01 	EPS013	110011275109
261575	SALUD: CONTRIBUTIVO	2015	NIVEL 1	1	1	41320.0	2.0	2.0	25 	01 	EPS013	110011275109
261585	SALUD: CONTRIBUTIVO	2015	NIVEL 1	1	1	12274.0	2.0	1.0	25 	00 	EPS013	258990028106
261588	SALUD: CONTRIBUTIVO	2015	NIVEL 1	1	1	290000.0	1.0	1.0	25 	01 	EPS017	110010240402
261591	SALUD: CONTRIBUTIVO	2015	NIVEL 1	1	1	350020.0	10.0	1.0	25 	01 	EPS017	110010817134
261600	SALUD: CONTRIBUTIVO	2015	NIVEL 1	1	1	173105.0	5.0	1.0	25 	01 	EPS017	252900011402
261601	SALUD: CONTRIBUTIVO	2015	NIVEL 1	1	1	246400.0	5.0	1.0	25 	01 	EPS017	252900032901
261602	SALUD: CONTRIBUTIVO	2015	NIVEL 1	1	1	204120.0	5.0	1.0	25 	01 	EPS017	252900032901
261603	SALUD: CONTRIBUTIVO	2015	NIVEL 1	1	1	242985.0	5.0	1.0	25 	01 	EPS017	252900032901
